{"cameraMode":{"drawMode":0,"name":"Shaded","section":"Shading Mode"},"sceneLighting":true,"audioPlay":false,"sceneViewState":{"showFog":true,"showMaterialUpdate":false,"showSkybox":true,"showFlares":true,"showImageEffects":true,"showParticleSystems":true},"in2DMode":false,"pivot":{"x":10.115412712097168,"y":49.902671813964847,"z":22.0683650970459},"rotation":{"x":0.5282437205314636,"y":-0.026501107960939409,"z":0.016452092677354814,"w":0.8485627770423889},"size":40.89980697631836,"orthographic":false}